-- phpMyAdmin SQL Dump
-- version 5.2.0
-- https://www.phpmyadmin.net/
--
-- Hôte : 127.0.0.1:3306
-- Généré le : jeu. 19 juin 2025 à 12:35
-- Version du serveur : 8.0.31
-- Version de PHP : 8.2.0

SET SQL_MODE = "NO_AUTO_VALUE_ON_ZERO";
START TRANSACTION;
SET time_zone = "+00:00";


/*!40101 SET @OLD_CHARACTER_SET_CLIENT=@@CHARACTER_SET_CLIENT */;
/*!40101 SET @OLD_CHARACTER_SET_RESULTS=@@CHARACTER_SET_RESULTS */;
/*!40101 SET @OLD_COLLATION_CONNECTION=@@COLLATION_CONNECTION */;
/*!40101 SET NAMES utf8mb4 */;

--
-- Base de données : `movie_booking_system`
--

-- --------------------------------------------------------

--
-- Structure de la table `bookings`
--

DROP TABLE IF EXISTS `bookings`;
CREATE TABLE IF NOT EXISTS `bookings` (
  `booking_id` int NOT NULL AUTO_INCREMENT,
  `user_id` int NOT NULL,
  `showing_id` int NOT NULL,
  `booking_date` timestamp NULL DEFAULT CURRENT_TIMESTAMP,
  `total_amount` decimal(8,2) NOT NULL,
  `discount_id` int DEFAULT NULL,
  PRIMARY KEY (`booking_id`),
  KEY `FKnms7fk72jqh5o6kvpbda056p1` (`discount_id`),
  KEY `FKt66dhjy21t9qarox4qbbjxlyu` (`showing_id`),
  KEY `FKeyog2oic85xg7hsu2je2lx3s6` (`user_id`)
) ENGINE=MyISAM AUTO_INCREMENT=9 DEFAULT CHARSET=utf8mb4 COLLATE=utf8mb4_0900_ai_ci;

--
-- Déchargement des données de la table `bookings`
--

INSERT INTO `bookings` (`booking_id`, `user_id`, `showing_id`, `booking_date`, `total_amount`, `discount_id`) VALUES
(1, 1, 1, '2025-06-07 23:00:00', '24.99', 1),
(2, 2, 3, '2025-06-08 23:00:00', '12.99', NULL),
(3, 3, 5, '2025-06-06 23:00:00', '38.97', 4),
(4, 4, 7, '2025-06-08 23:00:00', '31.98', 2),
(5, 5, 9, '2025-06-05 23:00:00', '14.99', NULL),
(6, 1, 11, '2025-06-07 23:00:00', '19.99', 3),
(7, 1, 13, '2025-06-19 11:05:00', '52.45', NULL),
(8, 1, 5, '2025-06-19 11:13:45', '42.22', NULL);

-- --------------------------------------------------------

--
-- Structure de la table `discount_types`
--

DROP TABLE IF EXISTS `discount_types`;
CREATE TABLE IF NOT EXISTS `discount_types` (
  `discount_id` int NOT NULL AUTO_INCREMENT,
  `discount_name` varchar(255) NOT NULL,
  `discount_description` text,
  `discount_percentage` decimal(5,2) NOT NULL,
  `is_active` tinyint(1) DEFAULT '1',
  PRIMARY KEY (`discount_id`)
) ENGINE=MyISAM AUTO_INCREMENT=7 DEFAULT CHARSET=utf8mb4 COLLATE=utf8mb4_0900_ai_ci;

--
-- Déchargement des données de la table `discount_types`
--

INSERT INTO `discount_types` (`discount_id`, `discount_name`, `discount_description`, `discount_percentage`, `is_active`) VALUES
(1, 'Student Discount', 'Discount for students with valid ID', '15.00', 1),
(2, 'Senior Citizen', 'Discount for seniors 65 and above', '20.00', 1),
(3, 'Military Discount', 'Discount for active military personnel', '15.00', 1),
(4, 'Matinee Special', 'Discount for morning/early afternoon shows', '10.00', 1),
(5, 'Family Package', 'Discount when purchasing 4 or more tickets', '12.00', 1),
(6, 'Tuesday Special', 'Special discount for Tuesday shows', '25.00', 1);

-- --------------------------------------------------------

--
-- Structure de la table `genres`
--

DROP TABLE IF EXISTS `genres`;
CREATE TABLE IF NOT EXISTS `genres` (
  `genre_id` int NOT NULL AUTO_INCREMENT,
  `genre_name` varchar(50) NOT NULL,
  PRIMARY KEY (`genre_id`),
  UNIQUE KEY `genre_name` (`genre_name`)
) ENGINE=MyISAM AUTO_INCREMENT=9 DEFAULT CHARSET=utf8mb4 COLLATE=utf8mb4_0900_ai_ci;

--
-- Déchargement des données de la table `genres`
--

INSERT INTO `genres` (`genre_id`, `genre_name`) VALUES
(1, 'Action'),
(2, 'Comedy'),
(3, 'Drama'),
(4, 'Horror'),
(5, 'Science Fiction'),
(6, 'Animation'),
(7, 'Romance'),
(8, 'Thriller');

-- --------------------------------------------------------

--
-- Structure de la table `movies`
--

DROP TABLE IF EXISTS `movies`;
CREATE TABLE IF NOT EXISTS `movies` (
  `movie_id` int NOT NULL AUTO_INCREMENT,
  `title` varchar(255) NOT NULL,
  `description` text,
  `duration_minutes` int NOT NULL,
  `release_date` date DEFAULT NULL,
  `genre_id` int DEFAULT NULL,
  `rating` varchar(255) DEFAULT NULL,
  `poster_url` varchar(255) DEFAULT NULL,
  `is_active` tinyint(1) DEFAULT '1',
  PRIMARY KEY (`movie_id`),
  KEY `FKjp8fsy8a0kkmdi04i81v05c6a` (`genre_id`)
) ENGINE=MyISAM AUTO_INCREMENT=9 DEFAULT CHARSET=utf8mb4 COLLATE=utf8mb4_0900_ai_ci;

--
-- Déchargement des données de la table `movies`
--

INSERT INTO `movies` (`movie_id`, `title`, `description`, `duration_minutes`, `release_date`, `genre_id`, `rating`, `poster_url`, `is_active`) VALUES
(1, 'The Last Adventure', 'An epic adventure film about explorers.', 128, '2024-05-15', 1, 'PG-13', NULL, 1),
(2, 'Laugh Out Loud', 'A hilarious comedy about a family vacation gone wrong.', 95, '2024-06-01', 2, 'PG', NULL, 1),
(3, 'Silent Tears', 'A moving drama about reconciliation and forgiveness.', 142, '2024-04-10', 3, 'PG-13', NULL, 1),
(4, 'Nightmare on Elm Avenue', 'A terrifying horror film that will keep you awake.', 110, '2024-05-20', 4, 'R', NULL, 1),
(5, 'Space Odyssey 2025', 'A journey to the furthest reaches of the galaxy.', 135, '2024-03-05', 5, 'PG-13', NULL, 1),
(6, 'Animated Dreams', 'A heartwarming story for the whole family.', 90, '2024-02-18', 6, 'G', NULL, 1),
(7, 'Love in Paris', 'A romantic tale set in the city of love.', 118, '2024-06-10', 7, 'PG-13', NULL, 1),
(8, 'The Conspiracy', 'A thriller about government secrets and espionage.', 125, '2024-01-22', 8, 'R', NULL, 1);

-- --------------------------------------------------------

--
-- Structure de la table `seats`
--

DROP TABLE IF EXISTS `seats`;
CREATE TABLE IF NOT EXISTS `seats` (
  `seat_id` int NOT NULL AUTO_INCREMENT,
  `theater_id` int NOT NULL,
  `seat_row` char(1) NOT NULL,
  `seat_number` int NOT NULL,
  `seat_type` varchar(255) DEFAULT NULL,
  PRIMARY KEY (`seat_id`),
  UNIQUE KEY `theater_id` (`theater_id`,`seat_row`,`seat_number`)
) ENGINE=MyISAM AUTO_INCREMENT=701 DEFAULT CHARSET=utf8mb4 COLLATE=utf8mb4_0900_ai_ci;

--
-- Déchargement des données de la table `seats`
--

INSERT INTO `seats` (`seat_id`, `theater_id`, `seat_row`, `seat_number`, `seat_type`) VALUES
(1, 1, 'A', 1, 'standard'),
(2, 1, 'A', 2, 'standard'),
(3, 1, 'A', 3, 'standard'),
(4, 1, 'A', 4, 'standard'),
(5, 1, 'A', 5, 'standard'),
(6, 1, 'A', 6, 'standard'),
(7, 1, 'A', 7, 'standard'),
(8, 1, 'A', 8, 'standard'),
(9, 1, 'A', 9, 'standard'),
(10, 1, 'A', 10, 'standard'),
(11, 1, 'B', 1, 'standard'),
(12, 1, 'B', 2, 'standard'),
(13, 1, 'B', 3, 'standard'),
(14, 1, 'B', 4, 'standard'),
(15, 1, 'B', 5, 'standard'),
(16, 1, 'B', 6, 'standard'),
(17, 1, 'B', 7, 'standard'),
(18, 1, 'B', 8, 'standard'),
(19, 1, 'B', 9, 'standard'),
(20, 1, 'B', 10, 'standard'),
(21, 1, 'C', 1, 'premium'),
(22, 1, 'C', 2, 'premium'),
(23, 1, 'C', 3, 'premium'),
(24, 1, 'C', 4, 'premium'),
(25, 1, 'C', 5, 'premium'),
(26, 1, 'C', 6, 'premium'),
(27, 1, 'C', 7, 'premium'),
(28, 1, 'C', 8, 'premium'),
(29, 1, 'C', 9, 'premium'),
(30, 1, 'C', 10, 'premium'),
(31, 1, 'D', 1, 'premium'),
(32, 1, 'D', 2, 'premium'),
(33, 1, 'D', 3, 'premium'),
(34, 1, 'D', 4, 'premium'),
(35, 1, 'D', 5, 'premium'),
(36, 1, 'D', 6, 'premium'),
(37, 1, 'D', 7, 'premium'),
(38, 1, 'D', 8, 'premium'),
(39, 1, 'D', 9, 'premium'),
(40, 1, 'D', 10, 'premium'),
(41, 1, 'E', 1, 'vip'),
(42, 1, 'E', 2, 'vip'),
(43, 1, 'E', 3, 'vip'),
(44, 1, 'E', 4, 'vip'),
(45, 1, 'E', 5, 'vip'),
(46, 1, 'E', 6, 'vip'),
(47, 1, 'E', 7, 'vip'),
(48, 1, 'E', 8, 'vip'),
(49, 1, 'E', 9, 'vip'),
(50, 1, 'E', 10, 'vip'),
(51, 1, 'F', 1, 'vip'),
(52, 1, 'F', 2, 'vip'),
(53, 1, 'F', 3, 'vip'),
(54, 1, 'F', 4, 'vip'),
(55, 1, 'F', 5, 'vip'),
(56, 1, 'F', 6, 'vip'),
(57, 1, 'F', 7, 'vip'),
(58, 1, 'F', 8, 'vip'),
(59, 1, 'F', 9, 'vip'),
(60, 1, 'F', 10, 'vip'),
(61, 2, 'A', 1, 'standard'),
(62, 2, 'A', 2, 'standard'),
(63, 2, 'A', 3, 'standard'),
(64, 2, 'A', 4, 'standard'),
(65, 2, 'A', 5, 'standard'),
(66, 2, 'A', 6, 'standard'),
(67, 2, 'A', 7, 'standard'),
(68, 2, 'A', 8, 'standard'),
(69, 2, 'A', 9, 'standard'),
(70, 2, 'A', 10, 'standard'),
(71, 2, 'B', 1, 'standard'),
(72, 2, 'B', 2, 'standard'),
(73, 2, 'B', 3, 'standard'),
(74, 2, 'B', 4, 'standard'),
(75, 2, 'B', 5, 'standard'),
(76, 2, 'B', 6, 'standard'),
(77, 2, 'B', 7, 'standard'),
(78, 2, 'B', 8, 'standard'),
(79, 2, 'B', 9, 'standard'),
(80, 2, 'B', 10, 'standard'),
(81, 2, 'C', 1, 'premium'),
(82, 2, 'C', 2, 'premium'),
(83, 2, 'C', 3, 'premium'),
(84, 2, 'C', 4, 'premium'),
(85, 2, 'C', 5, 'premium'),
(86, 2, 'C', 6, 'premium'),
(87, 2, 'C', 7, 'premium'),
(88, 2, 'C', 8, 'premium'),
(89, 2, 'C', 9, 'premium'),
(90, 2, 'C', 10, 'premium'),
(91, 2, 'D', 1, 'premium'),
(92, 2, 'D', 2, 'premium'),
(93, 2, 'D', 3, 'premium'),
(94, 2, 'D', 4, 'premium'),
(95, 2, 'D', 5, 'premium'),
(96, 2, 'D', 6, 'premium'),
(97, 2, 'D', 7, 'premium'),
(98, 2, 'D', 8, 'premium'),
(99, 2, 'D', 9, 'premium'),
(100, 2, 'D', 10, 'premium'),
(101, 2, 'E', 1, 'premium'),
(102, 2, 'E', 2, 'premium'),
(103, 2, 'E', 3, 'premium'),
(104, 2, 'E', 4, 'premium'),
(105, 2, 'E', 5, 'premium'),
(106, 2, 'E', 6, 'premium'),
(107, 2, 'E', 7, 'premium'),
(108, 2, 'E', 8, 'premium'),
(109, 2, 'E', 9, 'premium'),
(110, 2, 'E', 10, 'premium'),
(111, 2, 'F', 1, 'vip'),
(112, 2, 'F', 2, 'vip'),
(113, 2, 'F', 3, 'vip'),
(114, 2, 'F', 4, 'vip'),
(115, 2, 'F', 5, 'vip'),
(116, 2, 'F', 6, 'vip'),
(117, 2, 'F', 7, 'vip'),
(118, 2, 'F', 8, 'vip'),
(119, 2, 'F', 9, 'vip'),
(120, 2, 'F', 10, 'vip'),
(121, 2, 'G', 1, 'vip'),
(122, 2, 'G', 2, 'vip'),
(123, 2, 'G', 3, 'vip'),
(124, 2, 'G', 4, 'vip'),
(125, 2, 'G', 5, 'vip'),
(126, 2, 'G', 6, 'vip'),
(127, 2, 'G', 7, 'vip'),
(128, 2, 'G', 8, 'vip'),
(129, 2, 'G', 9, 'vip'),
(130, 2, 'G', 10, 'vip'),
(131, 2, 'H', 1, 'vip'),
(132, 2, 'H', 2, 'vip'),
(133, 2, 'H', 3, 'vip'),
(134, 2, 'H', 4, 'vip'),
(135, 2, 'H', 5, 'vip'),
(136, 2, 'H', 6, 'vip'),
(137, 2, 'H', 7, 'vip'),
(138, 2, 'H', 8, 'vip'),
(139, 2, 'H', 9, 'vip'),
(140, 2, 'H', 10, 'vip'),
(141, 3, 'A', 1, 'standard'),
(142, 3, 'A', 2, 'standard'),
(143, 3, 'A', 3, 'standard'),
(144, 3, 'A', 4, 'standard'),
(145, 3, 'A', 5, 'standard'),
(146, 3, 'A', 6, 'standard'),
(147, 3, 'A', 7, 'standard'),
(148, 3, 'A', 8, 'standard'),
(149, 3, 'A', 9, 'standard'),
(150, 3, 'A', 10, 'standard'),
(151, 3, 'B', 1, 'standard'),
(152, 3, 'B', 2, 'standard'),
(153, 3, 'B', 3, 'standard'),
(154, 3, 'B', 4, 'standard'),
(155, 3, 'B', 5, 'standard'),
(156, 3, 'B', 6, 'standard'),
(157, 3, 'B', 7, 'standard'),
(158, 3, 'B', 8, 'standard'),
(159, 3, 'B', 9, 'standard'),
(160, 3, 'B', 10, 'standard'),
(161, 3, 'C', 1, 'premium'),
(162, 3, 'C', 2, 'premium'),
(163, 3, 'C', 3, 'premium'),
(164, 3, 'C', 4, 'premium'),
(165, 3, 'C', 5, 'premium'),
(166, 3, 'C', 6, 'premium'),
(167, 3, 'C', 7, 'premium'),
(168, 3, 'C', 8, 'premium'),
(169, 3, 'C', 9, 'premium'),
(170, 3, 'C', 10, 'premium'),
(171, 3, 'D', 1, 'premium'),
(172, 3, 'D', 2, 'premium'),
(173, 3, 'D', 3, 'premium'),
(174, 3, 'D', 4, 'premium'),
(175, 3, 'D', 5, 'premium'),
(176, 3, 'D', 6, 'premium'),
(177, 3, 'D', 7, 'premium'),
(178, 3, 'D', 8, 'premium'),
(179, 3, 'D', 9, 'premium'),
(180, 3, 'D', 10, 'premium'),
(181, 3, 'E', 1, 'premium'),
(182, 3, 'E', 2, 'premium'),
(183, 3, 'E', 3, 'premium'),
(184, 3, 'E', 4, 'premium'),
(185, 3, 'E', 5, 'premium'),
(186, 3, 'E', 6, 'premium'),
(187, 3, 'E', 7, 'premium'),
(188, 3, 'E', 8, 'premium'),
(189, 3, 'E', 9, 'premium'),
(190, 3, 'E', 10, 'premium'),
(191, 3, 'F', 1, 'vip'),
(192, 3, 'F', 2, 'vip'),
(193, 3, 'F', 3, 'vip'),
(194, 3, 'F', 4, 'vip'),
(195, 3, 'F', 5, 'vip'),
(196, 3, 'F', 6, 'vip'),
(197, 3, 'F', 7, 'vip'),
(198, 3, 'F', 8, 'vip'),
(199, 3, 'F', 9, 'vip'),
(200, 3, 'F', 10, 'vip'),
(201, 3, 'G', 1, 'vip'),
(202, 3, 'G', 2, 'vip'),
(203, 3, 'G', 3, 'vip'),
(204, 3, 'G', 4, 'vip'),
(205, 3, 'G', 5, 'vip'),
(206, 3, 'G', 6, 'vip'),
(207, 3, 'G', 7, 'vip'),
(208, 3, 'G', 8, 'vip'),
(209, 3, 'G', 9, 'vip'),
(210, 3, 'G', 10, 'vip'),
(211, 3, 'H', 1, 'vip'),
(212, 3, 'H', 2, 'vip'),
(213, 3, 'H', 3, 'vip'),
(214, 3, 'H', 4, 'vip'),
(215, 3, 'H', 5, 'vip'),
(216, 3, 'H', 6, 'vip'),
(217, 3, 'H', 7, 'vip'),
(218, 3, 'H', 8, 'vip'),
(219, 3, 'H', 9, 'vip'),
(220, 3, 'H', 10, 'vip'),
(221, 4, 'A', 1, 'standard'),
(222, 4, 'A', 2, 'standard'),
(223, 4, 'A', 3, 'standard'),
(224, 4, 'A', 4, 'standard'),
(225, 4, 'A', 5, 'standard'),
(226, 4, 'A', 6, 'standard'),
(227, 4, 'A', 7, 'standard'),
(228, 4, 'A', 8, 'standard'),
(229, 4, 'A', 9, 'standard'),
(230, 4, 'A', 10, 'standard'),
(231, 4, 'B', 1, 'standard'),
(232, 4, 'B', 2, 'standard'),
(233, 4, 'B', 3, 'standard'),
(234, 4, 'B', 4, 'standard'),
(235, 4, 'B', 5, 'standard'),
(236, 4, 'B', 6, 'standard'),
(237, 4, 'B', 7, 'standard'),
(238, 4, 'B', 8, 'standard'),
(239, 4, 'B', 9, 'standard'),
(240, 4, 'B', 10, 'standard'),
(241, 4, 'C', 1, 'premium'),
(242, 4, 'C', 2, 'premium'),
(243, 4, 'C', 3, 'premium'),
(244, 4, 'C', 4, 'premium'),
(245, 4, 'C', 5, 'premium'),
(246, 4, 'C', 6, 'premium'),
(247, 4, 'C', 7, 'premium'),
(248, 4, 'C', 8, 'premium'),
(249, 4, 'C', 9, 'premium'),
(250, 4, 'C', 10, 'premium'),
(251, 4, 'D', 1, 'premium'),
(252, 4, 'D', 2, 'premium'),
(253, 4, 'D', 3, 'premium'),
(254, 4, 'D', 4, 'premium'),
(255, 4, 'D', 5, 'premium'),
(256, 4, 'D', 6, 'premium'),
(257, 4, 'D', 7, 'premium'),
(258, 4, 'D', 8, 'premium'),
(259, 4, 'D', 9, 'premium'),
(260, 4, 'D', 10, 'premium'),
(261, 4, 'E', 1, 'premium'),
(262, 4, 'E', 2, 'premium'),
(263, 4, 'E', 3, 'premium'),
(264, 4, 'E', 4, 'premium'),
(265, 4, 'E', 5, 'premium'),
(266, 4, 'E', 6, 'premium'),
(267, 4, 'E', 7, 'premium'),
(268, 4, 'E', 8, 'premium'),
(269, 4, 'E', 9, 'premium'),
(270, 4, 'E', 10, 'premium'),
(271, 4, 'F', 1, 'vip'),
(272, 4, 'F', 2, 'vip'),
(273, 4, 'F', 3, 'vip'),
(274, 4, 'F', 4, 'vip'),
(275, 4, 'F', 5, 'vip'),
(276, 4, 'F', 6, 'vip'),
(277, 4, 'F', 7, 'vip'),
(278, 4, 'F', 8, 'vip'),
(279, 4, 'F', 9, 'vip'),
(280, 4, 'F', 10, 'vip'),
(281, 4, 'G', 1, 'vip'),
(282, 4, 'G', 2, 'vip'),
(283, 4, 'G', 3, 'vip'),
(284, 4, 'G', 4, 'vip'),
(285, 4, 'G', 5, 'vip'),
(286, 4, 'G', 6, 'vip'),
(287, 4, 'G', 7, 'vip'),
(288, 4, 'G', 8, 'vip'),
(289, 4, 'G', 9, 'vip'),
(290, 4, 'G', 10, 'vip'),
(291, 4, 'H', 1, 'vip'),
(292, 4, 'H', 2, 'vip'),
(293, 4, 'H', 3, 'vip'),
(294, 4, 'H', 4, 'vip'),
(295, 4, 'H', 5, 'vip'),
(296, 4, 'H', 6, 'vip'),
(297, 4, 'H', 7, 'vip'),
(298, 4, 'H', 8, 'vip'),
(299, 4, 'H', 9, 'vip'),
(300, 4, 'H', 10, 'vip'),
(301, 5, 'A', 1, 'standard'),
(302, 5, 'A', 2, 'standard'),
(303, 5, 'A', 3, 'standard'),
(304, 5, 'A', 4, 'standard'),
(305, 5, 'A', 5, 'standard'),
(306, 5, 'A', 6, 'standard'),
(307, 5, 'A', 7, 'standard'),
(308, 5, 'A', 8, 'standard'),
(309, 5, 'A', 9, 'standard'),
(310, 5, 'A', 10, 'standard'),
(311, 5, 'B', 1, 'standard'),
(312, 5, 'B', 2, 'standard'),
(313, 5, 'B', 3, 'standard'),
(314, 5, 'B', 4, 'standard'),
(315, 5, 'B', 5, 'standard'),
(316, 5, 'B', 6, 'standard'),
(317, 5, 'B', 7, 'standard'),
(318, 5, 'B', 8, 'standard'),
(319, 5, 'B', 9, 'standard'),
(320, 5, 'B', 10, 'standard'),
(321, 5, 'C', 1, 'premium'),
(322, 5, 'C', 2, 'premium'),
(323, 5, 'C', 3, 'premium'),
(324, 5, 'C', 4, 'premium'),
(325, 5, 'C', 5, 'premium'),
(326, 5, 'C', 6, 'premium'),
(327, 5, 'C', 7, 'premium'),
(328, 5, 'C', 8, 'premium'),
(329, 5, 'C', 9, 'premium'),
(330, 5, 'C', 10, 'premium'),
(331, 5, 'D', 1, 'premium'),
(332, 5, 'D', 2, 'premium'),
(333, 5, 'D', 3, 'premium'),
(334, 5, 'D', 4, 'premium'),
(335, 5, 'D', 5, 'premium'),
(336, 5, 'D', 6, 'premium'),
(337, 5, 'D', 7, 'premium'),
(338, 5, 'D', 8, 'premium'),
(339, 5, 'D', 9, 'premium'),
(340, 5, 'D', 10, 'premium'),
(341, 5, 'E', 1, 'premium'),
(342, 5, 'E', 2, 'premium'),
(343, 5, 'E', 3, 'premium'),
(344, 5, 'E', 4, 'premium'),
(345, 5, 'E', 5, 'premium'),
(346, 5, 'E', 6, 'premium'),
(347, 5, 'E', 7, 'premium'),
(348, 5, 'E', 8, 'premium'),
(349, 5, 'E', 9, 'premium'),
(350, 5, 'E', 10, 'premium'),
(351, 5, 'F', 1, 'vip'),
(352, 5, 'F', 2, 'vip'),
(353, 5, 'F', 3, 'vip'),
(354, 5, 'F', 4, 'vip'),
(355, 5, 'F', 5, 'vip'),
(356, 5, 'F', 6, 'vip'),
(357, 5, 'F', 7, 'vip'),
(358, 5, 'F', 8, 'vip'),
(359, 5, 'F', 9, 'vip'),
(360, 5, 'F', 10, 'vip'),
(361, 5, 'G', 1, 'vip'),
(362, 5, 'G', 2, 'vip'),
(363, 5, 'G', 3, 'vip'),
(364, 5, 'G', 4, 'vip'),
(365, 5, 'G', 5, 'vip'),
(366, 5, 'G', 6, 'vip'),
(367, 5, 'G', 7, 'vip'),
(368, 5, 'G', 8, 'vip'),
(369, 5, 'G', 9, 'vip'),
(370, 5, 'G', 10, 'vip'),
(371, 5, 'H', 1, 'vip'),
(372, 5, 'H', 2, 'vip'),
(373, 5, 'H', 3, 'vip'),
(374, 5, 'H', 4, 'vip'),
(375, 5, 'H', 5, 'vip'),
(376, 5, 'H', 6, 'vip'),
(377, 5, 'H', 7, 'vip'),
(378, 5, 'H', 8, 'vip'),
(379, 5, 'H', 9, 'vip'),
(380, 5, 'H', 10, 'vip'),
(381, 6, 'A', 1, 'standard'),
(382, 6, 'A', 2, 'standard'),
(383, 6, 'A', 3, 'standard'),
(384, 6, 'A', 4, 'standard'),
(385, 6, 'A', 5, 'standard'),
(386, 6, 'A', 6, 'standard'),
(387, 6, 'A', 7, 'standard'),
(388, 6, 'A', 8, 'standard'),
(389, 6, 'A', 9, 'standard'),
(390, 6, 'A', 10, 'standard'),
(391, 6, 'B', 1, 'standard'),
(392, 6, 'B', 2, 'standard'),
(393, 6, 'B', 3, 'standard'),
(394, 6, 'B', 4, 'standard'),
(395, 6, 'B', 5, 'standard'),
(396, 6, 'B', 6, 'standard'),
(397, 6, 'B', 7, 'standard'),
(398, 6, 'B', 8, 'standard'),
(399, 6, 'B', 9, 'standard'),
(400, 6, 'B', 10, 'standard'),
(401, 6, 'C', 1, 'premium'),
(402, 6, 'C', 2, 'premium'),
(403, 6, 'C', 3, 'premium'),
(404, 6, 'C', 4, 'premium'),
(405, 6, 'C', 5, 'premium'),
(406, 6, 'C', 6, 'premium'),
(407, 6, 'C', 7, 'premium'),
(408, 6, 'C', 8, 'premium'),
(409, 6, 'C', 9, 'premium'),
(410, 6, 'C', 10, 'premium'),
(411, 6, 'D', 1, 'premium'),
(412, 6, 'D', 2, 'premium'),
(413, 6, 'D', 3, 'premium'),
(414, 6, 'D', 4, 'premium'),
(415, 6, 'D', 5, 'premium'),
(416, 6, 'D', 6, 'premium'),
(417, 6, 'D', 7, 'premium'),
(418, 6, 'D', 8, 'premium'),
(419, 6, 'D', 9, 'premium'),
(420, 6, 'D', 10, 'premium'),
(421, 6, 'E', 1, 'premium'),
(422, 6, 'E', 2, 'premium'),
(423, 6, 'E', 3, 'premium'),
(424, 6, 'E', 4, 'premium'),
(425, 6, 'E', 5, 'premium'),
(426, 6, 'E', 6, 'premium'),
(427, 6, 'E', 7, 'premium'),
(428, 6, 'E', 8, 'premium'),
(429, 6, 'E', 9, 'premium'),
(430, 6, 'E', 10, 'premium'),
(431, 6, 'F', 1, 'vip'),
(432, 6, 'F', 2, 'vip'),
(433, 6, 'F', 3, 'vip'),
(434, 6, 'F', 4, 'vip'),
(435, 6, 'F', 5, 'vip'),
(436, 6, 'F', 6, 'vip'),
(437, 6, 'F', 7, 'vip'),
(438, 6, 'F', 8, 'vip'),
(439, 6, 'F', 9, 'vip'),
(440, 6, 'F', 10, 'vip'),
(441, 6, 'G', 1, 'vip'),
(442, 6, 'G', 2, 'vip'),
(443, 6, 'G', 3, 'vip'),
(444, 6, 'G', 4, 'vip'),
(445, 6, 'G', 5, 'vip'),
(446, 6, 'G', 6, 'vip'),
(447, 6, 'G', 7, 'vip'),
(448, 6, 'G', 8, 'vip'),
(449, 6, 'G', 9, 'vip'),
(450, 6, 'G', 10, 'vip'),
(451, 6, 'H', 1, 'vip'),
(452, 6, 'H', 2, 'vip'),
(453, 6, 'H', 3, 'vip'),
(454, 6, 'H', 4, 'vip'),
(455, 6, 'H', 5, 'vip'),
(456, 6, 'H', 6, 'vip'),
(457, 6, 'H', 7, 'vip'),
(458, 6, 'H', 8, 'vip'),
(459, 6, 'H', 9, 'vip'),
(460, 6, 'H', 10, 'vip'),
(461, 7, 'A', 1, 'standard'),
(462, 7, 'A', 2, 'standard'),
(463, 7, 'A', 3, 'standard'),
(464, 7, 'A', 4, 'standard'),
(465, 7, 'A', 5, 'standard'),
(466, 7, 'A', 6, 'standard'),
(467, 7, 'A', 7, 'standard'),
(468, 7, 'A', 8, 'standard'),
(469, 7, 'A', 9, 'standard'),
(470, 7, 'A', 10, 'standard'),
(471, 7, 'B', 1, 'standard'),
(472, 7, 'B', 2, 'standard'),
(473, 7, 'B', 3, 'standard'),
(474, 7, 'B', 4, 'standard'),
(475, 7, 'B', 5, 'standard'),
(476, 7, 'B', 6, 'standard'),
(477, 7, 'B', 7, 'standard'),
(478, 7, 'B', 8, 'standard'),
(479, 7, 'B', 9, 'standard'),
(480, 7, 'B', 10, 'standard'),
(481, 7, 'C', 1, 'premium'),
(482, 7, 'C', 2, 'premium'),
(483, 7, 'C', 3, 'premium'),
(484, 7, 'C', 4, 'premium'),
(485, 7, 'C', 5, 'premium'),
(486, 7, 'C', 6, 'premium'),
(487, 7, 'C', 7, 'premium'),
(488, 7, 'C', 8, 'premium'),
(489, 7, 'C', 9, 'premium'),
(490, 7, 'C', 10, 'premium'),
(491, 7, 'D', 1, 'premium'),
(492, 7, 'D', 2, 'premium'),
(493, 7, 'D', 3, 'premium'),
(494, 7, 'D', 4, 'premium'),
(495, 7, 'D', 5, 'premium'),
(496, 7, 'D', 6, 'premium'),
(497, 7, 'D', 7, 'premium'),
(498, 7, 'D', 8, 'premium'),
(499, 7, 'D', 9, 'premium'),
(500, 7, 'D', 10, 'premium'),
(501, 7, 'E', 1, 'premium'),
(502, 7, 'E', 2, 'premium'),
(503, 7, 'E', 3, 'premium'),
(504, 7, 'E', 4, 'premium'),
(505, 7, 'E', 5, 'premium'),
(506, 7, 'E', 6, 'premium'),
(507, 7, 'E', 7, 'premium'),
(508, 7, 'E', 8, 'premium'),
(509, 7, 'E', 9, 'premium'),
(510, 7, 'E', 10, 'premium'),
(511, 7, 'F', 1, 'vip'),
(512, 7, 'F', 2, 'vip'),
(513, 7, 'F', 3, 'vip'),
(514, 7, 'F', 4, 'vip'),
(515, 7, 'F', 5, 'vip'),
(516, 7, 'F', 6, 'vip'),
(517, 7, 'F', 7, 'vip'),
(518, 7, 'F', 8, 'vip'),
(519, 7, 'F', 9, 'vip'),
(520, 7, 'F', 10, 'vip'),
(521, 7, 'G', 1, 'vip'),
(522, 7, 'G', 2, 'vip'),
(523, 7, 'G', 3, 'vip'),
(524, 7, 'G', 4, 'vip'),
(525, 7, 'G', 5, 'vip'),
(526, 7, 'G', 6, 'vip'),
(527, 7, 'G', 7, 'vip'),
(528, 7, 'G', 8, 'vip'),
(529, 7, 'G', 9, 'vip'),
(530, 7, 'G', 10, 'vip'),
(531, 7, 'H', 1, 'vip'),
(532, 7, 'H', 2, 'vip'),
(533, 7, 'H', 3, 'vip'),
(534, 7, 'H', 4, 'vip'),
(535, 7, 'H', 5, 'vip'),
(536, 7, 'H', 6, 'vip'),
(537, 7, 'H', 7, 'vip'),
(538, 7, 'H', 8, 'vip'),
(539, 7, 'H', 9, 'vip'),
(540, 7, 'H', 10, 'vip'),
(541, 8, 'A', 1, 'standard'),
(542, 8, 'A', 2, 'standard'),
(543, 8, 'A', 3, 'standard'),
(544, 8, 'A', 4, 'standard'),
(545, 8, 'A', 5, 'standard'),
(546, 8, 'A', 6, 'standard'),
(547, 8, 'A', 7, 'standard'),
(548, 8, 'A', 8, 'standard'),
(549, 8, 'A', 9, 'standard'),
(550, 8, 'A', 10, 'standard'),
(551, 8, 'B', 1, 'standard'),
(552, 8, 'B', 2, 'standard'),
(553, 8, 'B', 3, 'standard'),
(554, 8, 'B', 4, 'standard'),
(555, 8, 'B', 5, 'standard'),
(556, 8, 'B', 6, 'standard'),
(557, 8, 'B', 7, 'standard'),
(558, 8, 'B', 8, 'standard'),
(559, 8, 'B', 9, 'standard'),
(560, 8, 'B', 10, 'standard'),
(561, 8, 'C', 1, 'premium'),
(562, 8, 'C', 2, 'premium'),
(563, 8, 'C', 3, 'premium'),
(564, 8, 'C', 4, 'premium'),
(565, 8, 'C', 5, 'premium'),
(566, 8, 'C', 6, 'premium'),
(567, 8, 'C', 7, 'premium'),
(568, 8, 'C', 8, 'premium'),
(569, 8, 'C', 9, 'premium'),
(570, 8, 'C', 10, 'premium'),
(571, 8, 'D', 1, 'premium'),
(572, 8, 'D', 2, 'premium'),
(573, 8, 'D', 3, 'premium'),
(574, 8, 'D', 4, 'premium'),
(575, 8, 'D', 5, 'premium'),
(576, 8, 'D', 6, 'premium'),
(577, 8, 'D', 7, 'premium'),
(578, 8, 'D', 8, 'premium'),
(579, 8, 'D', 9, 'premium'),
(580, 8, 'D', 10, 'premium'),
(581, 8, 'E', 1, 'premium'),
(582, 8, 'E', 2, 'premium'),
(583, 8, 'E', 3, 'premium'),
(584, 8, 'E', 4, 'premium'),
(585, 8, 'E', 5, 'premium'),
(586, 8, 'E', 6, 'premium'),
(587, 8, 'E', 7, 'premium'),
(588, 8, 'E', 8, 'premium'),
(589, 8, 'E', 9, 'premium'),
(590, 8, 'E', 10, 'premium'),
(591, 8, 'F', 1, 'vip'),
(592, 8, 'F', 2, 'vip'),
(593, 8, 'F', 3, 'vip'),
(594, 8, 'F', 4, 'vip'),
(595, 8, 'F', 5, 'vip'),
(596, 8, 'F', 6, 'vip'),
(597, 8, 'F', 7, 'vip'),
(598, 8, 'F', 8, 'vip'),
(599, 8, 'F', 9, 'vip'),
(600, 8, 'F', 10, 'vip'),
(601, 8, 'G', 1, 'vip'),
(602, 8, 'G', 2, 'vip'),
(603, 8, 'G', 3, 'vip'),
(604, 8, 'G', 4, 'vip'),
(605, 8, 'G', 5, 'vip'),
(606, 8, 'G', 6, 'vip'),
(607, 8, 'G', 7, 'vip'),
(608, 8, 'G', 8, 'vip'),
(609, 8, 'G', 9, 'vip'),
(610, 8, 'G', 10, 'vip'),
(611, 8, 'H', 1, 'vip'),
(612, 8, 'H', 2, 'vip'),
(613, 8, 'H', 3, 'vip'),
(614, 8, 'H', 4, 'vip'),
(615, 8, 'H', 5, 'vip'),
(616, 8, 'H', 6, 'vip'),
(617, 8, 'H', 7, 'vip'),
(618, 8, 'H', 8, 'vip'),
(619, 8, 'H', 9, 'vip'),
(620, 8, 'H', 10, 'vip'),
(621, 9, 'A', 1, 'standard'),
(622, 9, 'A', 2, 'standard'),
(623, 9, 'A', 3, 'standard'),
(624, 9, 'A', 4, 'standard'),
(625, 9, 'A', 5, 'standard'),
(626, 9, 'A', 6, 'standard'),
(627, 9, 'A', 7, 'standard'),
(628, 9, 'A', 8, 'standard'),
(629, 9, 'A', 9, 'standard'),
(630, 9, 'A', 10, 'standard'),
(631, 9, 'B', 1, 'standard'),
(632, 9, 'B', 2, 'standard'),
(633, 9, 'B', 3, 'standard'),
(634, 9, 'B', 4, 'standard'),
(635, 9, 'B', 5, 'standard'),
(636, 9, 'B', 6, 'standard'),
(637, 9, 'B', 7, 'standard'),
(638, 9, 'B', 8, 'standard'),
(639, 9, 'B', 9, 'standard'),
(640, 9, 'B', 10, 'standard'),
(641, 9, 'C', 1, 'premium'),
(642, 9, 'C', 2, 'premium'),
(643, 9, 'C', 3, 'premium'),
(644, 9, 'C', 4, 'premium'),
(645, 9, 'C', 5, 'premium'),
(646, 9, 'C', 6, 'premium'),
(647, 9, 'C', 7, 'premium'),
(648, 9, 'C', 8, 'premium'),
(649, 9, 'C', 9, 'premium'),
(650, 9, 'C', 10, 'premium'),
(651, 9, 'D', 1, 'premium'),
(652, 9, 'D', 2, 'premium'),
(653, 9, 'D', 3, 'premium'),
(654, 9, 'D', 4, 'premium'),
(655, 9, 'D', 5, 'premium'),
(656, 9, 'D', 6, 'premium'),
(657, 9, 'D', 7, 'premium'),
(658, 9, 'D', 8, 'premium'),
(659, 9, 'D', 9, 'premium'),
(660, 9, 'D', 10, 'premium'),
(661, 9, 'E', 1, 'premium'),
(662, 9, 'E', 2, 'premium'),
(663, 9, 'E', 3, 'premium'),
(664, 9, 'E', 4, 'premium'),
(665, 9, 'E', 5, 'premium'),
(666, 9, 'E', 6, 'premium'),
(667, 9, 'E', 7, 'premium'),
(668, 9, 'E', 8, 'premium'),
(669, 9, 'E', 9, 'premium'),
(670, 9, 'E', 10, 'premium'),
(671, 9, 'F', 1, 'vip'),
(672, 9, 'F', 2, 'vip'),
(673, 9, 'F', 3, 'vip'),
(674, 9, 'F', 4, 'vip'),
(675, 9, 'F', 5, 'vip'),
(676, 9, 'F', 6, 'vip'),
(677, 9, 'F', 7, 'vip'),
(678, 9, 'F', 8, 'vip'),
(679, 9, 'F', 9, 'vip'),
(680, 9, 'F', 10, 'vip'),
(681, 9, 'G', 1, 'vip'),
(682, 9, 'G', 2, 'vip'),
(683, 9, 'G', 3, 'vip'),
(684, 9, 'G', 4, 'vip'),
(685, 9, 'G', 5, 'vip'),
(686, 9, 'G', 6, 'vip'),
(687, 9, 'G', 7, 'vip'),
(688, 9, 'G', 8, 'vip'),
(689, 9, 'G', 9, 'vip'),
(690, 9, 'G', 10, 'vip'),
(691, 9, 'H', 1, 'vip'),
(692, 9, 'H', 2, 'vip'),
(693, 9, 'H', 3, 'vip'),
(694, 9, 'H', 4, 'vip'),
(695, 9, 'H', 5, 'vip'),
(696, 9, 'H', 6, 'vip'),
(697, 9, 'H', 7, 'vip'),
(698, 9, 'H', 8, 'vip'),
(699, 9, 'H', 9, 'vip'),
(700, 9, 'H', 10, 'vip');

-- --------------------------------------------------------

--
-- Structure de la table `showings`
--

DROP TABLE IF EXISTS `showings`;
CREATE TABLE IF NOT EXISTS `showings` (
  `showing_id` int NOT NULL AUTO_INCREMENT,
  `movie_id` int NOT NULL,
  `theater_id` int NOT NULL,
  `show_date` date NOT NULL,
  `show_time` time NOT NULL,
  `base_price` decimal(6,2) NOT NULL,
  PRIMARY KEY (`showing_id`),
  KEY `FK4jdrys6tdhcsfspbtw6kvo4h9` (`movie_id`),
  KEY `FK1secfa8mlnleo1qara1ybg0o4` (`theater_id`)
) ENGINE=MyISAM AUTO_INCREMENT=15 DEFAULT CHARSET=utf8mb4 COLLATE=utf8mb4_0900_ai_ci;

--
-- Déchargement des données de la table `showings`
--

INSERT INTO `showings` (`showing_id`, `movie_id`, `theater_id`, `show_date`, `show_time`, `base_price`) VALUES
(1, 1, 1, '2025-06-10', '14:00:00', '12.99'),
(2, 1, 1, '2025-06-10', '18:30:00', '14.99'),
(3, 1, 1, '2025-06-11', '14:00:00', '12.99'),
(4, 1, 1, '2025-06-11', '18:30:00', '14.99'),
(5, 2, 2, '2025-06-10', '15:00:00', '12.99'),
(6, 2, 2, '2025-06-10', '19:00:00', '14.99'),
(7, 3, 3, '2025-06-10', '16:00:00', '15.99'),
(8, 3, 3, '2025-06-10', '20:00:00', '17.99'),
(9, 4, 4, '2025-06-10', '21:00:00', '14.99'),
(10, 4, 4, '2025-06-11', '21:00:00', '14.99'),
(11, 5, 5, '2025-06-10', '13:00:00', '12.99'),
(12, 5, 5, '2025-06-10', '17:00:00', '14.99'),
(13, 6, 6, '2025-06-10', '10:00:00', '9.99'),
(14, 6, 6, '2025-06-10', '14:00:00', '12.99');

-- --------------------------------------------------------

--
-- Structure de la table `theaters`
--

DROP TABLE IF EXISTS `theaters`;
CREATE TABLE IF NOT EXISTS `theaters` (
  `theater_id` int NOT NULL AUTO_INCREMENT,
  `theater_name` varchar(255) NOT NULL,
  `location` varchar(255) DEFAULT NULL,
  `capacity` int NOT NULL,
  PRIMARY KEY (`theater_id`)
) ENGINE=MyISAM AUTO_INCREMENT=10 DEFAULT CHARSET=utf8mb4 COLLATE=utf8mb4_0900_ai_ci;

--
-- Déchargement des données de la table `theaters`
--

INSERT INTO `theaters` (`theater_id`, `theater_name`, `location`, `capacity`) VALUES
(1, 'Main Theater', 'Ground Floor, West Wing', 150),
(2, 'VIP Theater', 'First Floor, East Wing', 80),
(3, 'IMAX Experience', 'Second Floor, Center', 80),
(4, 'Theater 4', 'Ground Floor, East Wing', 80),
(5, 'Theater 5', 'First Floor, West Wing', 80),
(6, 'Theater 6', 'Second Floor, West Wing', 80),
(7, 'Main Theater', 'First Floor', 80),
(8, 'Premium Theater', 'Second Floor', 80),
(9, 'VIP Theater', 'Third Floor', 80);

-- --------------------------------------------------------

--
-- Structure de la table `tickets`
--

DROP TABLE IF EXISTS `tickets`;
CREATE TABLE IF NOT EXISTS `tickets` (
  `ticket_id` int NOT NULL AUTO_INCREMENT,
  `booking_id` int NOT NULL,
  `seat_id` int NOT NULL,
  `price` decimal(6,2) NOT NULL,
  PRIMARY KEY (`ticket_id`),
  UNIQUE KEY `booking_id` (`booking_id`,`seat_id`),
  KEY `FK1f6n3pv4b80wl6gj4ra32ctxk` (`seat_id`)
) ENGINE=MyISAM AUTO_INCREMENT=20 DEFAULT CHARSET=utf8mb4 COLLATE=utf8mb4_0900_ai_ci;

--
-- Déchargement des données de la table `tickets`
--

INSERT INTO `tickets` (`ticket_id`, `booking_id`, `seat_id`, `price`) VALUES
(1, 1, 1, '12.99'),
(2, 1, 2, '12.99'),
(3, 2, 15, '12.99'),
(4, 3, 21, '12.99'),
(5, 3, 22, '12.99'),
(6, 3, 23, '12.99'),
(7, 4, 31, '15.99'),
(8, 4, 32, '15.99'),
(9, 5, 41, '14.99'),
(10, 6, 51, '9.99'),
(11, 6, 52, '9.99'),
(12, 7, 385, '9.99'),
(13, 7, 384, '9.99'),
(14, 7, 383, '9.99'),
(15, 7, 405, '12.49'),
(16, 7, 397, '9.99'),
(17, 8, 64, '12.99'),
(18, 8, 75, '12.99'),
(19, 8, 86, '16.24');

-- --------------------------------------------------------

--
-- Structure de la table `users`
--

DROP TABLE IF EXISTS `users`;
CREATE TABLE IF NOT EXISTS `users` (
  `user_id` int NOT NULL AUTO_INCREMENT,
  `username` varchar(50) NOT NULL,
  `password` varchar(255) NOT NULL,
  `first_name` varchar(255) NOT NULL,
  `last_name` varchar(255) NOT NULL,
  `email` varchar(100) NOT NULL,
  `phone` varchar(255) DEFAULT NULL,
  `role_id` int NOT NULL,
  `created_at` timestamp NULL DEFAULT CURRENT_TIMESTAMP,
  PRIMARY KEY (`user_id`),
  UNIQUE KEY `username` (`username`),
  UNIQUE KEY `email` (`email`),
  KEY `FKh555fyoyldpyaltlb7jva35j2` (`role_id`)
) ENGINE=MyISAM AUTO_INCREMENT=14 DEFAULT CHARSET=utf8mb4 COLLATE=utf8mb4_0900_ai_ci;

--
-- Déchargement des données de la table `users`
--

INSERT INTO `users` (`user_id`, `username`, `password`, `first_name`, `last_name`, `email`, `phone`, `role_id`, `created_at`) VALUES
(1, 'john_doe', 'password123', 'John', 'Doe', 'john@example.com', '555-123-4567', 1, '2025-06-10 13:07:53'),
(2, 'jane_smith', 'password123', 'Jane', 'Smith', 'jane@example.com', '555-234-5678', 1, '2025-06-10 13:07:53'),
(3, 'bob_jones', 'password123', 'Bob', 'Jones', 'bob@example.com', '555-345-6789', 1, '2025-06-10 13:07:53'),
(4, 'alice_wonder', 'password123', 'Alice', 'Wonder', 'alice@example.com', '555-456-7890', 1, '2025-06-10 13:07:53'),
(5, 'mike_brown', 'password123', 'Mike', 'Brown', 'mike@example.com', '555-567-8901', 1, '2025-06-10 13:07:53'),
(6, 'sarah_davis', 'password123', 'Sarah', 'Davis', 'sarah@example.com', '555-678-9012', 1, '2025-06-10 13:07:53'),
(7, 'emma_manager', 'emp123', 'Emma', 'Johnson', 'emma@cinema.com', '555-789-0123', 2, '2025-06-10 13:07:53'),
(8, 'james_admin', 'emp123', 'James', 'Wilson', 'james@cinema.com', '555-890-1234', 2, '2025-06-10 13:07:53'),
(9, 'olivia_emp', 'emp123', 'Olivia', 'Martinez', 'olivia@cinema.com', '555-901-2345', 2, '2025-06-10 13:07:53'),
(10, 'noah_emp', 'emp123', 'Noah', 'Anderson', 'noah@cinema.com', '555-012-3456', 2, '2025-06-10 13:07:53'),
(11, 'sophia_emp', 'emp123', 'Sophia', 'Taylor', 'sophia@cinema.com', '555-123-4567', 2, '2025-06-10 13:07:53'),
(12, 'lucas_admin', 'emp123', 'Lucas', 'Thomas', 'lucas@cinema.com', '555-234-5678', 3, '2025-06-10 13:07:53'),
(13, 'admin', 'admin123', 'Admin', 'User', 'admin@example.com', '1234567890', 3, '2025-06-19 12:22:44');

-- --------------------------------------------------------

--
-- Structure de la table `user_roles`
--

DROP TABLE IF EXISTS `user_roles`;
CREATE TABLE IF NOT EXISTS `user_roles` (
  `role_id` int NOT NULL AUTO_INCREMENT,
  `role_name` varchar(255) NOT NULL,
  PRIMARY KEY (`role_id`)
) ENGINE=MyISAM AUTO_INCREMENT=4 DEFAULT CHARSET=utf8mb4 COLLATE=utf8mb4_0900_ai_ci;

--
-- Déchargement des données de la table `user_roles`
--

INSERT INTO `user_roles` (`role_id`, `role_name`) VALUES
(1, 'Customer'),
(2, 'Employee'),
(3, 'Admin');
COMMIT;

/*!40101 SET CHARACTER_SET_CLIENT=@OLD_CHARACTER_SET_CLIENT */;
/*!40101 SET CHARACTER_SET_RESULTS=@OLD_CHARACTER_SET_RESULTS */;
/*!40101 SET COLLATION_CONNECTION=@OLD_COLLATION_CONNECTION */;
